<application>
  <component name="DependencyUISettings">
    <option name="SCOPE_TYPE" value="file" />
  </component>
  <component name="UISettings">
    <option name="ACTIVATE_MRU_EDITOR_ON_CLOSE" value="true" />
    <option name="DISABLE_MNEMONICS_IN_CONTROLS" value="true" />
    <option name="EDITOR_TAB_LIMIT" value="8" />
    <option name="HIDE_TOOL_STRIPES" value="true" />
    <option name="MAX_LOOKUP_LIST_HEIGHT" value="17" />
    <option name="MERGE_EQUAL_STACKTRACES" value="false" />
    <option name="PRESENTATION_MODE_FONT_SIZE" value="21" />
    <option name="REUSE_NOT_MODIFIED_TABS" value="true" />
    <option name="SHOW_MEMORY_INDICATOR" value="true" />
  </component>
</application>